country_id,country_name,league_id,league_name,league_season,league_logo,country_logo
124,Scotland,432,Challenge Cup,2019/2020,https://apiv2.apifootball.com/badges/logo_leagues/432_challenge-cup.png,https://apiv2.apifootball.com/badges/logo_country/124_scotland.png
124,Scotland,424,Championship,2020/2021,https://apiv2.apifootball.com/badges/logo_leagues/424_championship.png,https://apiv2.apifootball.com/badges/logo_country/124_scotland.png
124,Scotland,429,Football League Play Offs,2016/2017,,https://apiv2.apifootball.com/badges/logo_country/124_scotland.png
124,Scotland,428,Highland League,2019/2020,https://apiv2.apifootball.com/badges/logo_leagues/428_highland-league.png,https://apiv2.apifootball.com/badges/logo_country/124_scotland.png
124,Scotland,431,League Cup,2020/2021,https://apiv2.apifootball.com/badges/logo_leagues/431_league-cup.png,https://apiv2.apifootball.com/badges/logo_country/124_scotland.png
124,Scotland,425,League One,2020/2021,https://apiv2.apifootball.com/badges/logo_leagues/425_league-one.png,https://apiv2.apifootball.com/badges/logo_country/124_scotland.png
124,Scotland,426,League Two,2020/2021,https://apiv2.apifootball.com/badges/logo_leagues/426_league-two.png,https://apiv2.apifootball.com/badges/logo_country/124_scotland.png
124,Scotland,427,Lowland League,2019/2020,https://apiv2.apifootball.com/badges/logo_leagues/427_lowland-league.png,https://apiv2.apifootball.com/badges/logo_country/124_scotland.png
124,Scotland,423,Premiership,2020/2021,https://apiv2.apifootball.com/badges/logo_leagues/423_premiership.png,https://apiv2.apifootball.com/badges/logo_country/124_scotland.png
124,Scotland,430,Scottish Cup,2019/2020,https://apiv2.apifootball.com/badges/logo_leagues/430_scottish-cup.png,https://apiv2.apifootball.com/badges/logo_country/124_scotland.png
124,Scotland,8756,Youth Division U19,2013/2014,https://apiv2.apifootball.com/badges/logo_leagues/8756_youth-division-u19.png,https://apiv2.apifootball.com/badges/logo_country/124_scotland.png
